Workbook

Sheet SET100
A1: ลำดับ | B1: Symbol | C1: Market Cap (ล้านบาท) | D1: กลุ่มอุตสาหกรรม | E1: P/E | F1: P/BV | G1: D/E | H1: Yield | I1: EPS | J1: ราคาสิ้นปี 68 ณ วันที่ | K1: ราคาสิ้นปี 68 | L1: ราคาล่าสุด ณ วันที่ | M1: ราคาล่าสุด | N1: ส่วนต่าง (%) | O1: SET50 | P1: SETHD | Q1: ครั้ง/ปี | R1: วันปันผลปี 68 | S1: ประมาณการปี 69
A2: 1 | B2: DELTA | C2: 1215000 | D2: อิเล็กทรอนิกส์ | E2: 65.4 | F2: 18.6 | G2: 0.25 | H2: 0.005 | I2: 1.48 | J2: 25202 | K2: 95 | L2: 25244 | M2: 97.5 | N2: 0.0263 | O2: 1 | Q2: 1 | R2: 24896 | S2: 25261
A3: 2 | B3: PTT | C3: 971000 | D3: พลังงาน | E3: 9.45 | F3: 0.84 | G3: 0.88 | H3: 0.058 | I3: 3.65 | J3: 25202 | K3: 34.25 | L3: 25244 | M3: 34 | N3: -0.0073 | O3: 1 | P3: 1 | Q3: 2 | R3: 25085 | S3: 25267
A4: 3 | B4: AOT | C4: 878000 | D4: ขนส่ง | E4: 47.8 | F4: 7.75 | G4: 1.1 | H4: 0.011 | I4: 1.25 | J4: 25202 | K4: 61.5 | L4: 25244 | M4: 61.25 | N4: -0.0041 | O4: 1 | Q4: 1 | R4: 24881 | S4: 25246
A5: 4 | B5: ADVANC | C5: 728000 | D5: ICT | E5: 21.5 | F5: 7.6 | G5: 1.45 | H5: 0.039 | I5: 9.85 | J5: 25202 | K5: 240 | L5: 25244 | M5: 245 | N5: 0.0208 | O5: 1 | P5: 1 | Q5: 2 | R5: 25069 | S5: 25254
A6: 5 | B6: GULF | C6: 639000 | D6: พลังงาน | E6: 35.2 | F6: 4.75 | G6: 1.8 | H6: 0.012 | I6: 1.35 | J6: 25202 | K6: 55 | L6: 25244 | M6: 54.5 | N6: -0.0091 | O6: 1 | Q6: 1 | R6: 24897 | S6: 25262
A7: 6 | B7: PTTEP | C7: 601000 | D7: พลังงาน | E7: 8.15 | F7: 1.14 | G7: 0.3 | H7: 0.063 | I7: 18.55 | J7: 25202 | K7: 152 | L7: 25244 | M7: 151 | N7: -0.0066 | O7: 1 | P7: 1 | Q7: 2 | R7: 25077 | S7: 25245
A8: 7 | B8: CPALL | C8: 583000 | D8: พาณิชย์ | E8: 28.6 | F8: 6.25 | G8: 1.95 | H8: 0.019 | I8: 2.18 | J8: 25202 | K8: 64 | L8: 25244 | M8: 65 | N8: 0.0156 | O8: 1 | Q8: 1 | R8: 24965 | S8: 25331
A9: 8 | B9: BDMS | C9: 461000 | D9: การแพทย์ | E9: 30.8 | F9: 4.95 | G9: 0.4 | H9: 0.022 | I9: 0.96 | J9: 25202 | K9: 28.5 | L9: 25244 | M9: 29 | N9: 0.0175 | O9: 1 | Q9: 2 | R9: 25093 | S9: 25272
A10: 9 | B10: KBANK | C10: 338000 | D10: ธนาคาร | E10: 8.35 | F10: 0.66 | G10: N/A | H10: 0.043 | I10: 18.25 | J10: 25202 | K10: 141 | L10: 25244 | M10: 142.5 | N10: 0.0106 | O10: 1 | P10: 1 | Q10: 2 | R10: 25092 | S10: 25309
A11: 10 | B11: BBL | C11: 307000 | D11: ธนาคาร | E11: 7.15 | F11: 0.56 | G11: N/A | H11: 0.046 | I11: 21.45 | J11: 25202 | K11: 159 | L11: 25244 | M11: 161 | N11: 0.0126 | O11: 1 | P11: 1 | Q11: 2 | R11: 25085 | S11: 25315
A12: 11 | B12: SCB | C12: 289000 | D12: ธนาคาร | E12: 9.1 | F12: 0.76 | G12: N/A | H12: 0.076 | I12: 13.55 | J12: 25202 | K12: 108 | L12: 25244 | M12: 111 | N12: 0.0278 | O12: 1 | P12: 1 | Q12: 2 | R12: 25061 | S12: 25310
A13: 12 | B13: SCC | C13: 272000 | D13: วัสดุก่อสร้าง | E13: 15.4 | F13: 0.94 | G13: 1.15 | H13: 0.029 | I13: 15.15 | J13: 25202 | K13: 231 | L13: 25244 | M13: 227 | N13: -0.0173 | O13: 1 | P13: 1 | Q13: 2 | R13: 25058 | S13: 25440
A14: 13 | B14: CPAXT | C14: 271000 | D14: พาณิชย์ | E14: 31.9 | F14: 1.92 | G14: 0.85 | H14: 0.016 | I14: 0.98 | J14: 25202 | K14: 25.5 | L14: 25244 | M14: 25.75 | N14: 0.0098 | O14: 1 | Q14: 2 | R14: 25071 | S14: 25437
A15: 14 | B15: KTB | C15: 262000 | D15: ธนาคาร | E15: 6.45 | F15: 0.62 | G15: N/A | H15: 0.053 | I15: 2.88 | J15: 25202 | K15: 18.5 | L15: 25244 | M15: 18.8 | N15: 0.0162 | O15: 1 | P15: 1 | Q15: 1 | R15: 24945 | S15: 25311
A16: 15 | B16: TRUE | C16: 243000 | D16: ICT | E16: 44.5 | F16: 3.15 | G16: 3.25 | H16: 0.013 | I16: 0.18 | J16: 25202 | K16: 6.95 | L16: 25244 | M16: 7.05 | N16: 0.0144 | O16: 1 | Q16: 1 | R16: 24910 | S16: 25274
A17: 16 | B17: CPN | C17: 226000 | D17: อสังหาฯ | E17: 18.2 | F17: 3.18 | G17: 0.95 | H17: 0.026 | I17: 3.62 | J17: 25202 | K17: 51 | L17: 25244 | M17: 50.5 | N17: -0.0098 | O17: 1 | Q17: 1 | R17: 24911 | S17: 25275
A18: 17 | B18: BH | C18: 167000 | D18: การแพทย์ | E18: 25.8 | F18: 5.15 | G18: 0.2 | H18: 0.019 | I18: 8.85 | J18: 25202 | K18: 205 | L18: 25244 | M18: 210 | N18: 0.0244 | O18: 1 | Q18: 2 | R18: 25076 | S18: 25274
A19: 18 | B19: TOP | C19: 142000 | D19: พลังงาน | E19: 7.45 | F19: 0.77 | G19: 1.05 | H19: 0.053 | I19: 7.18 | J19: 25202 | K19: 51.5 | L19: 25244 | M19: 50.75 | N19: -0.0146 | O19: 1 | P19: 1 | Q19: 2 | R19: 25092 | S19: 25259
A20: 19 | B20: IVL | C20: 126000 | D20: ปิโตรเคมี | E20: 14.3 | F20: 1.1 | G20: 1.35 | H20: 0.029 | I20: 1.82 | J20: 25202 | K20: 22.1 | L20: 25244 | M20: 22.5 | N20: 0.0181 | O20: 1 | P20: 1 | Q20: 4 | R20: 25170 | S20: 25343
A21: 20 | B21: TTB | C21: 139000 | D21: ธนาคาร | E21: 8.55 | F21: 0.79 | G21: N/A | H21: 0.059 | I21: 0.21 | J21: 25202 | K21: 1.42 | L21: 25244 | M21: 1.45 | N21: 0.0211 | O21: 1 | P21: 1 | Q21: 2 | R21: 25121 | S21: 25311
A22: 21 | B22: OR | C22: 133000 | D22: พลังงาน | E22: 18.2 | F22: 1.85 | G22: 0.75 | H22: 0.028 | I22: 1.05 | J22: 25202 | K22: 18.5 | L22: 25244 | M22: 18.2 | N22: -0.0162 | O22: 1 | Q22: 2 | R22: 25092 | S22: 25258
A23: 22 | B23: HMPRO | C23: 128000 | D23: พาณิชย์ | E23: 19.8 | F23: 4.2 | G23: 0.8 | H23: 0.032 | I23: 0.52 | J23: 25202 | K23: 9.8 | L23: 25244 | M23: 9.75 | N23: -0.0051 | O23: 1 | P23: 1 | Q23: 2 | R23: 25092 | S23: 25311
A24: 23 | B24: CPF | C24: 118000 | D24: อาหาร | E24: 15.1 | F24: 0.92 | G24: 1.65 | H24: 0.033 | I24: 1.55 | J24: 25202 | K24: 13.8 | L24: 25244 | M24: 14.2 | N24: 0.029 | O24: 1 | Q24: 2 | R24: 25079 | S24: 25328
A25: 24 | B25: BCP | C25: 112000 | D25: พลังงาน | E25: 6.45 | F25: 0.74 | G25: 1.4 | H25: 0.062 | I25: 5.85 | J25: 25202 | K25: 41 | L25: 25244 | M25: 40.5 | N25: -0.0122 | O25: 1 | P25: 1 | Q25: 2 | R25: 25092 | S25: 25266
A26: 25 | B26: GPSC | C26: 108000 | D26: พลังงาน | E26: 25.4 | F26: 1.45 | G26: 1.25 | H26: 0.025 | I26: 1.85 | J26: 25202 | K26: 38.25 | L26: 25244 | M26: 38.5 | N26: 0.0065 | O26: 1 | Q26: 2 | R26: 25092 | S26: 25258
A27: 26 | B27: WHA | C27: 103000 | D27: อสังหาฯ | E27: 16.8 | F27: 2.45 | G27: 1.1 | H27: 0.032 | I27: 0.32 | J27: 25202 | K27: 6.9 | L27: 25244 | M27: 7.05 | N27: 0.0217 | O27: 1 | P27: 1 | Q27: 2 | R27: 25163 | S27: 25335
A28: 27 | B28: LH | C28: 98000 | D28: อสังหาฯ | E28: 14.5 | F28: 1.9 | G28: 1.15 | H28: 0.062 | I28: 0.65 | J28: 25202 | K28: 8.2 | L28: 25244 | M28: 8 | N28: -0.0244 | O28: 1 | P28: 1 | Q28: 2 | R28: 25073 | S28: 25329
A29: 28 | B29: SCGP | C29: 90000 | D29: บรรจุภัณฑ์ | E29: 18.5 | F29: 1.45 | G29: 0.7 | H29: 0.028 | I29: 1.45 | J29: 25202 | K29: 28.5 | L29: 25244 | M29: 28.25 | N29: -0.0088 | O29: 1 | Q29: 2 | R29: 25072 | S29: 25296
A30: 29 | B30: KTC | C30: 82000 | D30: เงินทุน | E30: 15.4 | F30: 3.2 | G30: 2.1 | H30: 0.024 | I30: 2.85 | J30: 25202 | K30: 31.75 | L30: 25244 | M30: 32.25 | N30: 0.0157 | O30: 1 | Q30: 1 | R30: 24945 | S30: 25311
A31: 30 | B31: MTC | C31: 80000 | D31: เงินทุน | E31: 16.8 | F31: 3.1 | G31: 3.4 | H31: 0.013 | I31: 2.65 | J31: 25202 | K31: 37.5 | L31: 25244 | M31: 38.25 | N31: 0.02 | O31: 1 | Q31: 1 | R31: 24957 | S31: 25321
A32: 31 | B32: TISCO | C32: 71800 | D32: ธนาคาร | E32: 10.55 | F32: 1.96 | G32: N/A | H32: 0.079 | I32: 9.25 | J32: 25202 | K32: 89.5 | L32: 25244 | M32: 90 | N32: 0.0056 | O32: 1 | P32: 1 | Q32: 1 | R32: 24952 | S32: 25318
A33: 32 | B33: ITC | C33: 70000 | D33: อาหาร | E33: 21.8 | F33: 3.75 | G33: 0.15 | H33: 0.036 | I33: 1.05 | J33: 25202 | K33: 23.5 | L33: 25244 | M33: 24.1 | N33: 0.0255 | O33: 1 | Q33: 2 | R33: 25092 | S33: 25267
A34: 33 | B34: AWC | C34: 68000 | D34: อสังหาฯ | E34: 35.2 | F34: 1.8 | G34: 0.85 | H34: 0.005 | I34: 0.12 | J34: 25202 | K34: 2.15 | L34: 25244 | M34: 2.1 | N34: -0.0233 | O34: 1 | Q34: 1 | R34: 24980 | S34: 25344
A35: 34 | B35: SAWAD | C35: 65000 | D35: เงินทุน | E35: 11.5 | F35: 1.8 | G35: 2.5 | H35: 0.042 | I35: 3.5 | J35: 25202 | K35: 31.5 | L35: 25244 | M35: 32 | N35: 0.0159 | O35: 1 | P35: 1 | Q35: 1 | R35: 24960 | S35: 25326
A36: 35 | B36: KCE | C36: 62000 | D36: อิเล็กฯ | E36: 22.1 | F36: 3.4 | G36: 0.45 | H36: 0.021 | I36: 1.65 | J36: 25202 | K36: 31.5 | L36: 25244 | M36: 32.25 | N36: 0.0238 | O36: 1 | Q36: 2 | R36: 25071 | S36: 25282
A37: 36 | B37: HANA | C37: 60000 | D37: อิเล็กฯ | E37: 14.8 | F37: 1.35 | G37: 0.35 | H37: 0.032 | I37: 2.6 | J37: 25202 | K37: 32 | L37: 25244 | M37: 33.5 | N37: 0.0469 | O37: 1 | P37: 1 | Q37: 2 | R37: 25092 | S37: 25276
A38: 37 | B38: BGRIM | C38: 58000 | D38: พลังงาน | E38: 28.5 | F38: 1.95 | G38: 1.85 | H38: 0.018 | I38: 0.85 | J38: 25202 | K38: 18.5 | L38: 25244 | M38: 18.2 | N38: -0.0162 | O38: 1 | Q38: 2 | R38: 25085 | S38: 25274
A39: 38 | B39: EGCO | C39: 54000 | D39: พลังงาน | E39: 11.5 | F39: 0.55 | G39: 1.2 | H39: 0.058 | I39: 12.4 | J39: 25202 | K39: 102 | L39: 25244 | M39: 101.5 | N39: -0.0049 | O39: 1 | P39: 1 | Q39: 2 | R39: 25092 | S39: 25276
A40: 39 | B40: RATCH | C40: 51500 | D40: พลังงาน | E40: 10.8 | F40: 0.68 | G40: 1.05 | H40: 0.055 | I40: 3.1 | J40: 25202 | K40: 23.9 | L40: 25244 | M40: 24.1 | N40: 0.0084 | O40: 1 | P40: 1 | Q40: 2 | R40: 25092 | S40: 25281
A41: 40 | B41: CBG | C41: 50000 | D41: อาหาร | E41: 28.4 | F41: 7.2 | G41: 0.7 | H41: 0.021 | I41: 2.45 | J41: 25202 | K41: 58 | L41: 25244 | M41: 59.25 | N41: 0.0216 | O41: 1 | Q41: 2 | R41: 25079 | S41: 25267
A42: 41 | B42: OSP | C42: 48000 | D42: อาหาร | E42: 24.5 | F42: 3.8 | G42: 0.65 | H42: 0.035 | I42: 0.95 | J42: 25202 | K42: 18.5 | L42: 25244 | M42: 18.8 | N42: 0.0162 | O42: 1 | P42: 1 | Q42: 2 | R42: 25078 | S42: 25326
A43: 42 | B43: COM7 | C43: 45000 | D43: พาณิชย์ | E43: 15.2 | F43: 4.8 | G43: 0.55 | H43: 0.038 | I43: 1.45 | J43: 25202 | K43: 17.5 | L43: 25244 | M43: 18.2 | N43: 0.04 | O43: 1 | Q43: 1 | R43: 24903 | S43: 25267
A44: 43 | B44: SIRI | C44: 42500 | D44: อสังหาฯ | E44: 7.9 | F44: 0.96 | G44: 1.6 | H44: 0.086 | I44: 0.22 | J44: 25202 | K44: 2.38 | L44: 25244 | M44: 2.44 | N44: 0.0252 | O44: 1 | P44: 1 | Q44: 2 | R44: 25077 | S44: 25337
A45: 44 | B45: GLOBAL | C45: 40000 | D45: พาณิชย์ | E45: 22.5 | F45: 2.3 | G45: 0.85 | H45: 0.011 | I45: 0.45 | J45: 25202 | K45: 12.1 | L45: 25244 | M45: 12.4 | N45: 0.0248 | O45: 1 | Q45: 1 | R45: 24965 | S45: 25331
A46: 45 | B46: AP | C46: 38200 | D46: อสังหาฯ | E46: 6.25 | F46: 0.86 | G46: 0.8 | H46: 0.066 | I46: 2.08 | J46: 25202 | K46: 11.9 | L46: 25244 | M46: 12.1 | N46: 0.0168 | P46: 1 | Q46: 1 | R46: 24966 | S46: 25332
A47: 46 | B47: MEGA | C47: 37000 | D47: พาณิชย์ | E47: 14.2 | F47: 2.8 | G47: 0.35 | H47: 0.035 | I47: 2.45 | J47: 25202 | K47: 31.5 | L47: 25244 | M47: 32.5 | N47: 0.0317 | Q47: 2 | R47: 25077 | S47: 25267
A48: 47 | B48: KKP | C48: 35500 | D48: ธนาคาร | E48: 7.2 | F48: 0.75 | G48: N/A | H48: 0.065 | I48: 7.05 | J48: 25202 | K48: 42 | L48: 25244 | M48: 43.25 | N48: 0.0298 | P48: 1 | Q48: 2 | R48: 25092 | S48: 25316
A49: 48 | B49: AMATA | C49: 35000 | D49: อสังหาฯ | E49: 12.5 | F49: 1.65 | G49: 0.75 | H49: 0.028 | I49: 1.85 | J49: 25202 | K49: 21.5 | L49: 25244 | M49: 21.8 | N49: 0.014 | O49: 1 | Q49: 2 | R49: 25077 | S49: 25333
A50: 49 | B50: BJC | C50: 34500 | D50: พาณิชย์ | E50: 16.4 | F50: 0.85 | G50: 1.3 | H50: 0.032 | I50: 1.25 | J50: 25202 | K50: 22 | L50: 25244 | M50: 21.75 | N50: -0.0114 | Q50: 2 | R50: 25079 | S50: 25286
A51: 50 | B51: SPALI | C51: 33000 | D51: อสังหาฯ | E51: 6.05 | F51: 0.78 | G51: 0.65 | H51: 0.068 | I51: 3.35 | J51: 25202 | K51: 17 | L51: 25244 | M51: 17.4 | N51: 0.0235 | P51: 1 | Q51: 2 | R51: 25071 | S51: 25330
A52: 51 | B52: JMT | C52: 31000 | D52: เงินทุน | E52: 14.5 | F52: 1.95 | G52: 1.2 | H52: 0.025 | I52: 1.35 | J52: 25202 | K52: 13.5 | L52: 25244 | M52: 14.2 | N52: 0.0519 | Q52: 2 | R52: 25071 | S52: 25303
A53: 52 | B53: ICHI | C53: 29800 | D53: อาหาร | E53: 16.5 | F53: 3.2 | G53: 0.25 | H53: 0.051 | I53: 1.02 | J53: 25202 | K53: 16.8 | L53: 25244 | M53: 17.2 | N53: 0.0238 | P53: 1 | Q53: 2 | R53: 25092 | S53: 25331
A54: 53 | B54: BANPU | C54: 29500 | D54: พลังงาน | E54: 6.8 | F54: 0.55 | G54: 1.15 | H54: 0.065 | I54: 0.85 | J54: 25202 | K54: 4.85 | L54: 25244 | M54: 4.75 | N54: -0.0206 | O54: 1 | Q54: 2 | R54: 25092 | S54: 25272
A55: 54 | B55: BAM | C55: 28000 | D55: เงินทุน | E55: 15.6 | F55: 0.65 | G55: 1.85 | H55: 0.048 | I55: 0.55 | J55: 25202 | K55: 7.15 | L55: 25244 | M55: 7.3 | N55: 0.0209 | Q55: 1 | R55: 24960 | S55: 25326
A56: 55 | B56: SAPPE | C56: 27000 | D56: อาหาร | E56: 18.2 | F56: 4.1 | G56: 0.3 | H56: 0.028 | I56: 3.15 | J56: 25202 | K56: 65 | L56: 25244 | M56: 67.5 | N56: 0.0385 | Q56: 1 | R56: 24972 | S56: 25338
A57: 56 | B57: CHG | C57: 25200 | D57: การแพทย์ | E57: 22.4 | F57: 3.5 | G57: 0.45 | H57: 0.031 | I57: 0.12 | J57: 25202 | K57: 2.6 | L57: 25244 | M57: 2.68 | N57: 0.0308 | Q57: 2 | R57: 24964 | S57: 25328
A58: 57 | B58: BCH | C58: 24800 | D58: การแพทย์ | E58: 21.5 | F58: 3.2 | G58: 0.6 | H58: 0.028 | I58: 0.95 | J58: 25202 | K58: 18.2 | L58: 25244 | M58: 18.5 | N58: 0.0165 | Q58: 2 | R58: 25080 | S58: 25331
A59: 58 | B59: BPP | C59: 24500 | D59: พลังงาน | E59: 10.2 | F59: 0.65 | G59: 0.75 | H59: 0.065 | I59: 1.15 | J59: 25202 | K59: 13.8 | L59: 25244 | M59: 13.6 | N59: -0.0145 | P59: 1 | Q59: 2 | R59: 25091 | S59: 25272
A60: 59 | B60: ORI | C60: 23800 | D60: อสังหาฯ | E60: 6.8 | F60: 1.1 | G60: 1.45 | H60: 0.072 | I60: 1.05 | J60: 25202 | K60: 6.5 | L60: 25244 | M60: 6.65 | N60: 0.0231 | P60: 1 | Q60: 2 | R60: 25077 | S60: 25331
A61: 60 | B61: QH | C61: 23200 | D61: อสังหาฯ | E61: 9.2 | F61: 0.85 | G61: 0.95 | H61: 0.068 | I61: 0.22 | J61: 25202 | K61: 2.14 | L61: 25244 | M61: 2.16 | N61: 0.0093 | P61: 1 | Q61: 2 | R61: 25073 | S61: 25318
A62: 61 | B62: STA | C62: 22800 | D62: เกษตร | E62: 15.2 | F62: 0.65 | G62: 0.6 | H62: 0.045 | I62: 1.25 | J62: 25202 | K62: 18.5 | L62: 25244 | M62: 19.2 | N62: 0.0378 | Q62: 2 | R62: 25073 | S62: 25331
A63: 62 | B63: DOHOME | C63: 22100 | D63: พาณิชย์ | E63: 32.5 | F63: 2.1 | G63: 1.25 | H63: 0.008 | I63: 0.35 | J63: 25202 | K63: 10.2 | L63: 25244 | M63: 10.5 | N63: 0.0294 | Q63: 1 | R63: 24978 | S63: 25342
A64: 63 | B64: TCAP | C64: 21800 | D64: เงินทุน | E64: 9.5 | F64: 0.8 | G64: 1.1 | H64: 0.072 | I64: 5.4 | J64: 25202 | K64: 50.25 | L64: 25244 | M64: 50.75 | N64: 0.01 | P64: 1 | Q64: 2 | R64: 25106 | S64: 25311
A65: 64 | B65: PRM | C65: 21200 | D65: ขนส่ง | E65: 10.5 | F65: 1.4 | G65: 0.7 | H65: 0.042 | I65: 0.85 | J65: 25202 | K65: 8.25 | L65: 25244 | M65: 8.5 | N65: 0.0303 | Q65: 2 | R65: 25092 | S65: 25338
A66: 65 | B66: RCL | C66: 20900 | D66: ขนส่ง | E66: 6.2 | F66: 0.45 | G66: 0.4 | H66: 0.085 | I66: 4.1 | J66: 25202 | K66: 25 | L66: 25244 | M66: 25.75 | N66: 0.03 | P66: 1 | Q66: 2 | R66: 25072 | S66: 25282
A67: 66 | B67: BCPG | C67: 20400 | D67: พลังงาน | E67: 12.5 | F67: 0.65 | G67: 1.65 | H67: 0.048 | I67: 0.65 | J67: 25202 | K67: 6.8 | L67: 25244 | M67: 6.75 | N67: -0.0074 | Q67: 2 | R67: 25085 | S67: 25266
A68: 67 | B68: GUNKUL | C68: 19800 | D68: พลังงาน | E68: 13.2 | F68: 1.4 | G68: 1.4 | H68: 0.042 | I68: 0.22 | J68: 25202 | K68: 2.8 | L68: 25244 | M68: 2.84 | N68: 0.0143 | Q68: 1 | R68: 24952 | S68: 25316
A69: 68 | B69: JMART | C69: 19200 | D69: เงินทุน | E69: 22 | F69: 1.4 | G69: 1.55 | H69: 0.018 | I69: 0.85 | J69: 25202 | K69: 13.5 | L69: 25244 | M69: 14.2 | N69: 0.0519 | Q69: 2 | R69: 25074 | S69: 25303
A70: 69 | B70: PTG | C70: 18800 | D70: พลังงาน | E70: 14.8 | F70: 1.6 | G70: 2.1 | H70: 0.035 | I70: 0.62 | J70: 25202 | K70: 8.5 | L70: 25244 | M70: 8.65 | N70: 0.0176 | Q70: 1 | R70: 24911 | S70: 25275
A71: 70 | B71: SC | C71: 18200 | D71: อสังหาฯ | E71: 7.5 | F71: 0.75 | G71: 1.35 | H71: 0.062 | I71: 0.45 | J71: 25202 | K71: 3.25 | L71: 25244 | M71: 3.32 | N71: 0.0215 | P71: 1 | Q71: 2 | R71: 25073 | S71: 25325
A72: 71 | B72: PR9 | C72: 17900 | D72: การแพทย์ | E72: 18.5 | F72: 2.4 | G72: 0.2 | H72: 0.025 | I72: 1.15 | J72: 25202 | K72: 22.5 | L72: 25244 | M72: 23.2 | N72: 0.0311 | Q72: 1 | R72: 24968 | S72: 25332
A73: 72 | B73: AEONTS | C73: 17400 | D73: เงินทุน | E73: 10.2 | F73: 1.25 | G73: 3.5 | H73: 0.038 | I73: 12.5 | J73: 25202 | K73: 135 | L73: 25244 | M73: 138 | N73: 0.0222 | Q73: 2 | R73: 25129 | S73: 25394
A74: 73 | B74: ASK | C74: 16800 | D74: เงินทุน | E74: 9.5 | F74: 1.1 | G74: 4.2 | H74: 0.065 | I74: 2.1 | J74: 25202 | K74: 18.5 | L74: 25244 | M74: 18.8 | N74: 0.0162 | Q74: 1 | R74: 24956 | S74: 25320
A75: 74 | B75: BLA | C75: 16500 | D75: ประกัน | E75: 12.4 | F75: 0.8 | G75: 0.15 | H75: 0.025 | I75: 1.55 | J75: 25202 | K75: 17.5 | L75: 25244 | M75: 17.8 | N75: 0.0171 | Q75: 1 | R75: 24966 | S75: 25330
A76: 75 | B76: TLI | C76: 16200 | D76: ประกัน | E76: 14.2 | F76: 1.15 | G76: 0.2 | H76: 0.031 | I76: 0.85 | J76: 25202 | K76: 8.5 | L76: 25244 | M76: 8.65 | N76: 0.0176 | Q76: 1 | R76: 24973 | S76: 25337
A77: 76 | B77: STGT | C77: 15800 | D77: เกษตร | E77: 18.5 | F77: 0.75 | G77: 0.45 | H77: 0.038 | I77: 0.55 | J77: 25202 | K77: 10.5 | L77: 25244 | M77: 11.2 | N77: 0.0667 | Q77: 2 | R77: 25073 | S77: 25338
A78: 77 | B78: SJWD | C78: 15200 | D78: ขนส่ง | E78: 25.4 | F78: 1.85 | G78: 1.1 | H78: 0.015 | I78: 0.45 | J78: 25202 | K78: 12.5 | L78: 25244 | M78: 12.8 | N78: 0.024 | Q78: 1 | R78: 24981 | S78: 25345
A79: 80 | B79: TASCO | C79: 14800 | D79: วัสดุฯ | E79: 11.5 | F79: 1.45 | G79: 0.55 | H79: 0.052 | I79: 1.45 | J79: 25202 | K79: 17.5 | L79: 25244 | M79: 17.8 | N79: 0.0171 | P79: 1 | Q79: 2 | R79: 25092 | S79: 25266
A80: 79 | B80: TFG | C80: 14300 | D80: อาหาร | E80: 12.2 | F80: 1.45 | G80: 1.85 | H80: 0.038 | I80: 0.35 | J80: 25202 | K80: 4.15 | L80: 25244 | M80: 4.25 | N80: 0.0241 | Q80: 2 | R80: 25078 | S80: 25328
A81: 80 | B81: BTG | C81: 13900 | D81: อาหาร | E81: 18.2 | F81: 1.15 | G81: 1.1 | H81: 0.025 | I81: 1.15 | J81: 25202 | K81: 21.5 | L81: 25244 | M81: 22 | N81: 0.0233 | Q81: 2 | R81: 25085 | S81: 25335
A82: 81 | B82: GFPT | C82: 13500 | D82: เกษตร | E82: 9.8 | F82: 1.05 | G82: 0.4 | H82: 0.035 | I82: 1.12 | J82: 25202 | K82: 10.8 | L82: 25244 | M82: 11.2 | N82: 0.037 | Q82: 1 | R82: 24956 | S82: 25320
A83: 82 | B83: MOSHI | C83: 13100 | D83: พาณิชย์ | E83: 28.5 | F83: 5.4 | G83: 0.25 | H83: 0.012 | I83: 1.65 | J83: 25202 | K83: 45 | L83: 25244 | M83: 48.5 | N83: 0.0778 | Q83: 1 | R83: 24960 | S83: 25327
A84: 83 | B84: ERW | C84: 12500 | D84: ท่องเที่ยว | E84: 24.2 | F84: 2.4 | G84: 1.95 | H84: 0.015 | I84: 0.18 | J84: 25202 | K84: 4.2 | L84: 25244 | M84: 4.15 | N84: -0.0119 | Q84: 1 | R84: 24903 | S84: 25267
A85: 84 | B85: CENTEL | C85: 12000 | D85: ท่องเที่ยว | E85: 26.5 | F85: 2.85 | G85: 1.4 | H85: 0.012 | I85: 1.35 | J85: 25202 | K85: 36.5 | L85: 25244 | M85: 35.75 | N85: -0.0205 | Q85: 1 | R85: 24901 | S85: 25268
A86: 85 | B86: AAV | C86: 11500 | D86: ขนส่ง | E86: 15.8 | F86: 1.2 | G86: 2.5 | H86: 0 | I86: 0.15 | J86: 25202 | K86: 2.4 | L86: 25244 | M86: 2.44 | N86: 0.0167 | Q86: 0 | R86: - | S86: -
A87: 86 | B87: BA | C87: 11100 | D87: ขนส่ง | E87: 14.5 | F87: 2.1 | G87: 1.65 | H87: 0.018 | I87: 1.25 | J87: 25202 | K87: 20.5 | L87: 25244 | M87: 21.2 | N87: 0.0341 | Q87: 2 | R87: 25085 | S87: 25276
A88: 87 | B88: STECON | C88: 10700 | D88: รับเหมา | E88: 18.4 | F88: 0.88 | G88: 1.15 | H88: 0.021 | I88: 0.45 | J88: 25202 | K88: 9.2 | L88: 25244 | M88: 9.15 | N88: -0.0054 | Q88: 1 | R88: 24960 | S88: 25326
A89: 88 | B89: JTS | C89: 10100 | D89: เทคโนโลยี | E89: 55 | F89: 12.5 | G89: 0.55 | H89: 0 | I89: 1.15 | J89: 25202 | K89: 65 | L89: 25244 | M89: 72 | N89: 0.107 | Q89: 0 | R89: - | S89: -
A90: 89 | B90: THANI | C90: 9200 | D90: เงินทุน | E90: 11.2 | F90: 1.05 | G90: 3.8 | H90: 0.068 | I90: 0.18 | J90: 25202 | K90: 2.1 | L90: 25244 | M90: 2.06 | N90: -0.019 | P90: 1 | Q90: 1 | R90: 24946 | S90: 25312
A91: 90 | B91: SNNP | C91: 8700 | D91: อาหาร | E91: 17.5 | F91: 3.8 | G91: 0.45 | H91: 0.025 | I91: 0.65 | J91: 25202 | K91: 12.5 | L91: 25244 | M91: 13.2 | N91: 0.056 | Q91: 2 | R91: 25073 | S91: 25331
A92: 91 | B92: SPA | C92: 8200 | D92: บริการ | E92: 28.2 | F92: 5.1 | G92: 0.35 | H92: 0.011 | I92: 0.25 | J92: 25202 | K92: 7.5 | L92: 25244 | M92: 7.85 | N92: 0.0467 | Q92: 1 | R92: 24968 | S92: 25335
A93: 92 | B93: MEB | C93: 7800 | D93: บริการ | E93: 24.5 | F93: 6.2 | G93: 0.15 | H93: 0.018 | I93: 1.15 | J93: 25202 | K93: 28.5 | L93: 25244 | M93: 30.25 | N93: 0.0614 | Q93: 2 | R93: 25092 | S93: 25317
A94: 93 | B94: FORTH | C94: 7500 | D94: เทคโนโลยี | E94: 21.4 | F94: 3.45 | G94: 1.2 | H94: 0.021 | I94: 0.65 | J94: 25202 | K94: 14.5 | L94: 25244 | M94: 14.8 | N94: 0.0207 | Q94: 2 | R94: 25092 | S94: 25282
A95: 94 | B95: KISS | C95: 7100 | D95: อุปโภคบริโภค | E95: 22.1 | F95: 3.1 | G95: 0.25 | H95: 0.024 | I95: 0.22 | J95: 25202 | K95: 4.85 | L95: 25244 | M95: 4.95 | N95: 0.0206 | Q95: 1 | R95: 24965 | S95: 25331
A96: 95 | B96: NSL | C96: 6800 | D96: อาหาร | E96: 18.5 | F96: 4.2 | G96: 0.45 | H96: 0.031 | I96: 1.55 | J96: 25202 | K96: 28 | L96: 25244 | M96: 30.5 | N96: 0.0893 | Q96: 2 | R96: 25092 | S96: 25317
A97: 96 | B97: MALEE | C97: 6400 | D97: อาหาร | E97: 16.8 | F97: 2.85 | G97: 1.1 | H97: 0.018 | I97: 0.85 | J97: 25202 | K97: 13.5 | L97: 25244 | M97: 14.1 | N97: 0.0444 | Q97: 1 | R97: 24966 | S97: 25333
A98: 97 | B98: SABINA | C98: 6100 | D98: แฟชั่น | E98: 14.2 | F98: 3.15 | G98: 0.55 | H98: 0.052 | I98: 1.65 | J98: 25202 | K98: 24.5 | L98: 25244 | M98: 24.8 | N98: 0.0122 | P98: 1 | Q98: 2 | R98: 25072 | S98: 25331
A99: 98 | B99: AU | C99: 5800 | D99: อาหาร | E99: 32.4 | F99: 5.8 | G99: 0.2 | H99: 0.015 | I99: 0.28 | J99: 25202 | K99: 9.2 | L99: 25244 | M99: 9.5 | N99: 0.0326 | Q99: 1 | R99: 24968 | S99: 25335
A100: 99 | B100: MASTER | C100: 5500 | D100: บริการ | E100: 24.8 | F100: 6.5 | G100: 0.35 | H100: 0.012 | I100: 1.85 | J100: 25202 | K100: 45 | L100: 25244 | M100: 48.25 | N100: 0.0722 | Q100: 2 | R100: 25092 | S100: 25282
...

Sheet GSymbol
A1: Seq | B1: ='SET100'!B1 -> Symbol | C1: ='SET100'!C1 -> Market Cap (ล้านบาท) | D1: ='SET100'!D1 -> กลุ่มอุตสาหกรรม | E1: ='SET100'!O1 -> SET50 | F1: ='SET100'!P1 -> SETHD
A2: ='SET100'!A2 -> 1 | B2: ='SET100'!B2 -> DELTA | C2: ='SET100'!C2 -> 1215000 | D2: ='SET100'!D2 -> อิเล็กทรอนิกส์ | E2: ='SET100'!O2 -> 1 | F2: ='SET100'!P2 -> 0
A3: ='SET100'!A3 -> 2 | B3: ='SET100'!B3 -> PTT | C3: ='SET100'!C3 -> 971000 | D3: ='SET100'!D3 -> พลังงาน | E3: ='SET100'!O3 -> 1 | F3: ='SET100'!P3 -> 1
A4: ='SET100'!A4 -> 3 | B4: ='SET100'!B4 -> AOT | C4: ='SET100'!C4 -> 878000 | D4: ='SET100'!D4 -> ขนส่ง | E4: ='SET100'!O4 -> 1 | F4: ='SET100'!P4 -> 0
A5: ='SET100'!A5 -> 4 | B5: ='SET100'!B5 -> ADVANC | C5: ='SET100'!C5 -> 728000 | D5: ='SET100'!D5 -> ICT | E5: ='SET100'!O5 -> 1 | F5: ='SET100'!P5 -> 1
A6: ='SET100'!A6 -> 5 | B6: ='SET100'!B6 -> GULF | C6: ='SET100'!C6 -> 639000 | D6: ='SET100'!D6 -> พลังงาน | E6: ='SET100'!O6 -> 1 | F6: ='SET100'!P6 -> 0
A7: ='SET100'!A7 -> 6 | B7: ='SET100'!B7 -> PTTEP | C7: ='SET100'!C7 -> 601000 | D7: ='SET100'!D7 -> พลังงาน | E7: ='SET100'!O7 -> 1 | F7: ='SET100'!P7 -> 1
A8: ='SET100'!A8 -> 7 | B8: ='SET100'!B8 -> CPALL | C8: ='SET100'!C8 -> 583000 | D8: ='SET100'!D8 -> พาณิชย์ | E8: ='SET100'!O8 -> 1 | F8: ='SET100'!P8 -> 0
A9: ='SET100'!A9 -> 8 | B9: ='SET100'!B9 -> BDMS | C9: ='SET100'!C9 -> 461000 | D9: ='SET100'!D9 -> การแพทย์ | E9: ='SET100'!O9 -> 1 | F9: ='SET100'!P9 -> 0
A10: ='SET100'!A10 -> 9 | B10: ='SET100'!B10 -> KBANK | C10: ='SET100'!C10 -> 338000 | D10: ='SET100'!D10 -> ธนาคาร | E10: ='SET100'!O10 -> 1 | F10: ='SET100'!P10 -> 1
A11: ='SET100'!A11 -> 10 | B11: ='SET100'!B11 -> BBL | C11: ='SET100'!C11 -> 307000 | D11: ='SET100'!D11 -> ธนาคาร | E11: ='SET100'!O11 -> 1 | F11: ='SET100'!P11 -> 1
A12: ='SET100'!A12 -> 11 | B12: ='SET100'!B12 -> SCB | C12: ='SET100'!C12 -> 289000 | D12: ='SET100'!D12 -> ธนาคาร | E12: ='SET100'!O12 -> 1 | F12: ='SET100'!P12 -> 1
A13: ='SET100'!A13 -> 12 | B13: ='SET100'!B13 -> SCC | C13: ='SET100'!C13 -> 272000 | D13: ='SET100'!D13 -> วัสดุก่อสร้าง | E13: ='SET100'!O13 -> 1 | F13: ='SET100'!P13 -> 1
... A101: ='SET100'!A101 -> 100 | B101: ='SET100'!B101 -> PLANB | C101: ='SET100'!C101 -> 5200 | D101: ='SET100'!D101 -> บริการ | E101: ='SET100'!O101 -> 0 | F101: ='SET100'!P101 -> 0
